{
  "best_global_step": null,
  "best_metric": null,
  "best_model_checkpoint": null,
  "epoch": 2.0,
  "eval_steps": 500,
  "global_step": 18,
  "is_hyper_param_search": false,
  "is_local_process_zero": true,
  "is_world_process_zero": true,
  "log_history": [
    {
      "entropy": 2.9737329483032227,
      "epoch": 0.2222222222222222,
      "grad_norm": 1.9276372194290161,
      "learning_rate": 1.925925925925926e-05,
      "logits/chosen": 7.7032484300760276,
      "logits/rejected": 5.335037288116225,
      "logps/chosen": -128.52956104278564,
      "logps/rejected": -94.11166954040527,
      "loss": 0.6901178359985352,
      "mean_token_accuracy": 0.3201176938600838,
      "num_tokens": 4911.0,
      "rewards/accuracies": 0.5625,
      "rewards/chosen": 0.003314590430818498,
      "rewards/margins": 0.006394338619429618,
      "rewards/rejected": -0.0030797479121247306,
      "step": 2
    },
    {
      "entropy": 2.758139818906784,
      "epoch": 0.4444444444444444,
      "grad_norm": 1.7963546514511108,
      "learning_rate": 1.7777777777777777e-05,
      "logits/chosen": 6.977387378837155,
      "logits/rejected": 4.970955425095931,
      "logps/chosen": -121.45433735847473,
      "logps/rejected": -88.48840951919556,
      "loss": 0.6874775886535645,
      "mean_token_accuracy": 0.3148417454212904,
      "num_tokens": 9813.0,
      "rewards/accuracies": 0.625,
      "rewards/chosen": 0.0011740921036107466,
      "rewards/margins": 0.011825347275589593,
      "rewards/rejected": -0.01065125479362905,
      "step": 4
    },
    {
      "entropy": 2.8525575548410416,
      "epoch": 0.6666666666666666,
      "grad_norm": 1.8248989582061768,
      "learning_rate": 1.6296296296296297e-05,
      "logits/chosen": 7.109918575423656,
      "logits/rejected": 5.234077836672898,
      "logps/chosen": -120.90961170196533,
      "logps/rejected": -91.81302499771118,
      "loss": 0.6825318336486816,
      "mean_token_accuracy": 0.3328196173533797,
      "num_tokens": 14727.0,
      "rewards/accuracies": 0.8125,
      "rewards/chosen": 0.004879426924162544,
      "rewards/margins": 0.021610737137962133,
      "rewards/rejected": -0.01673131021016161,
      "step": 6
    },
    {
      "entropy": 2.73038387298584,
      "epoch": 0.8888888888888888,
      "grad_norm": 1.8540090322494507,
      "learning_rate": 1.4814814814814815e-05,
      "logits/chosen": 6.90300084352534,
      "logits/rejected": 4.621108248736023,
      "logps/chosen": -123.93670177459717,
      "logps/rejected": -89.80471277236938,
      "loss": 0.6835799217224121,
      "mean_token_accuracy": 0.31578005384653807,
      "num_tokens": 19576.0,
      "rewards/accuracies": 0.75,
      "rewards/chosen": 0.01370525365928188,
      "rewards/margins": 0.019442558492301032,
      "rewards/rejected": -0.005737304859394499,
      "step": 8
    },
    {
      "entropy": 2.737258091568947,
      "epoch": 1.1111111111111112,
      "grad_norm": 1.5960867404937744,
      "learning_rate": 1.3333333333333333e-05,
      "logits/chosen": 7.15996681931861,
      "logits/rejected": 4.718901866139302,
      "logps/chosen": -123.08593261241913,
      "logps/rejected": -95.28679084777832,
      "loss": 0.6723067164421082,
      "mean_token_accuracy": 0.3501865738071501,
      "num_tokens": 24549.0,
      "rewards/accuracies": 0.9375,
      "rewards/chosen": 0.019069493369897828,
      "rewards/margins": 0.042517102672718465,
      "rewards/rejected": -0.023447609315553564,
      "step": 10
    },
    {
      "entropy": 2.805117145180702,
      "epoch": 1.3333333333333333,
      "grad_norm": 1.870917797088623,
      "learning_rate": 1.1851851851851852e-05,
      "logits/chosen": 7.17689922092056,
      "logits/rejected": 5.530554600469814,
      "logps/chosen": -131.93033647537231,
      "logps/rejected": -94.22085857391357,
      "loss": 0.6678104400634766,
      "mean_token_accuracy": 0.32484021689742804,
      "num_tokens": 29487.0,
      "rewards/accuracies": 0.9375,
      "rewards/chosen": 0.025022411410645873,
      "rewards/margins": 0.05163078400073573,
      "rewards/rejected": -0.026608372281771153,
      "step": 12
    },
    {
      "entropy": 2.905452400445938,
      "epoch": 1.5555555555555556,
      "grad_norm": 1.7202363014221191,
      "learning_rate": 1.037037037037037e-05,
      "logits/chosen": 7.202260203425163,
      "logits/rejected": 4.638843476636409,
      "logps/chosen": -122.7749171257019,
      "logps/rejected": -89.85999822616577,
      "loss": 0.6603330969810486,
      "mean_token_accuracy": 0.31261532939970493,
      "num_tokens": 34347.0,
      "rewards/accuracies": 1.0,
      "rewards/chosen": 0.03406879957765341,
      "rewards/margins": 0.06699445424601436,
      "rewards/rejected": -0.03292565427545924,
      "step": 14
    },
    {
      "entropy": 2.832440748810768,
      "epoch": 1.7777777777777777,
      "grad_norm": 1.7437702417373657,
      "learning_rate": 8.888888888888888e-06,
      "logits/chosen": 6.887308582077895,
      "logits/rejected": 5.017441996366671,
      "logps/chosen": -132.54058456420898,
      "logps/rejected": -96.01424026489258,
      "loss": 0.6455838680267334,
      "mean_token_accuracy": 0.3252726159989834,
      "num_tokens": 39319.0,
      "rewards/accuracies": 1.0,
      "rewards/chosen": 0.046220160147640854,
      "rewards/margins": 0.0978363526519388,
      "rewards/rejected": -0.051616193075460615,
      "step": 16
    },
    {
      "entropy": 2.771743193268776,
      "epoch": 2.0,
      "grad_norm": 1.8566842079162598,
      "learning_rate": 7.4074074074074075e-06,
      "logits/chosen": 7.274016774152346,
      "logits/rejected": 5.175242429224497,
      "logps/chosen": -124.2381933927536,
      "logps/rejected": -92.57361555099487,
      "loss": 0.6482992768287659,
      "mean_token_accuracy": 0.3481348352506757,
      "num_tokens": 44230.0,
      "rewards/accuracies": 1.0,
      "rewards/chosen": 0.0444086440729734,
      "rewards/margins": 0.09235123661346734,
      "rewards/rejected": -0.04794259144546231,
      "step": 18
    }
  ],
  "logging_steps": 2,
  "max_steps": 27,
  "num_input_tokens_seen": 0,
  "num_train_epochs": 3,
  "save_steps": 500,
  "stateful_callbacks": {
    "TrainerControl": {
      "args": {
        "should_epoch_stop": false,
        "should_evaluate": false,
        "should_log": false,
        "should_save": true,
        "should_training_stop": false
      },
      "attributes": {}
    }
  },
  "total_flos": 30140378795520.0,
  "train_batch_size": 1,
  "trial_name": null,
  "trial_params": null
}
