{
  "best_global_step": null,
  "best_metric": null,
  "best_model_checkpoint": null,
  "epoch": 1.0,
  "eval_steps": 500,
  "global_step": 9,
  "is_hyper_param_search": false,
  "is_local_process_zero": true,
  "is_world_process_zero": true,
  "log_history": [
    {
      "entropy": 2.9737329483032227,
      "epoch": 0.2222222222222222,
      "grad_norm": 1.9276372194290161,
      "learning_rate": 1.925925925925926e-05,
      "logits/chosen": 7.7032484300760276,
      "logits/rejected": 5.335037288116225,
      "logps/chosen": -128.52956104278564,
      "logps/rejected": -94.11166954040527,
      "loss": 0.6901178359985352,
      "mean_token_accuracy": 0.3201176938600838,
      "num_tokens": 4911.0,
      "rewards/accuracies": 0.5625,
      "rewards/chosen": 0.003314590430818498,
      "rewards/margins": 0.006394338619429618,
      "rewards/rejected": -0.0030797479121247306,
      "step": 2
    },
    {
      "entropy": 2.758139818906784,
      "epoch": 0.4444444444444444,
      "grad_norm": 1.7963546514511108,
      "learning_rate": 1.7777777777777777e-05,
      "logits/chosen": 6.977387378837155,
      "logits/rejected": 4.970955425095931,
      "logps/chosen": -121.45433735847473,
      "logps/rejected": -88.48840951919556,
      "loss": 0.6874775886535645,
      "mean_token_accuracy": 0.3148417454212904,
      "num_tokens": 9813.0,
      "rewards/accuracies": 0.625,
      "rewards/chosen": 0.0011740921036107466,
      "rewards/margins": 0.011825347275589593,
      "rewards/rejected": -0.01065125479362905,
      "step": 4
    },
    {
      "entropy": 2.8525575548410416,
      "epoch": 0.6666666666666666,
      "grad_norm": 1.8248989582061768,
      "learning_rate": 1.6296296296296297e-05,
      "logits/chosen": 7.109918575423656,
      "logits/rejected": 5.234077836672898,
      "logps/chosen": -120.90961170196533,
      "logps/rejected": -91.81302499771118,
      "loss": 0.6825318336486816,
      "mean_token_accuracy": 0.3328196173533797,
      "num_tokens": 14727.0,
      "rewards/accuracies": 0.8125,
      "rewards/chosen": 0.004879426924162544,
      "rewards/margins": 0.021610737137962133,
      "rewards/rejected": -0.01673131021016161,
      "step": 6
    },
    {
      "entropy": 2.73038387298584,
      "epoch": 0.8888888888888888,
      "grad_norm": 1.8540090322494507,
      "learning_rate": 1.4814814814814815e-05,
      "logits/chosen": 6.90300084352534,
      "logits/rejected": 4.621108248736023,
      "logps/chosen": -123.93670177459717,
      "logps/rejected": -89.80471277236938,
      "loss": 0.6835799217224121,
      "mean_token_accuracy": 0.31578005384653807,
      "num_tokens": 19576.0,
      "rewards/accuracies": 0.75,
      "rewards/chosen": 0.01370525365928188,
      "rewards/margins": 0.019442558492301032,
      "rewards/rejected": -0.005737304859394499,
      "step": 8
    }
  ],
  "logging_steps": 2,
  "max_steps": 27,
  "num_input_tokens_seen": 0,
  "num_train_epochs": 3,
  "save_steps": 500,
  "stateful_callbacks": {
    "TrainerControl": {
      "args": {
        "should_epoch_stop": false,
        "should_evaluate": false,
        "should_log": false,
        "should_save": true,
        "should_training_stop": false
      },
      "attributes": {}
    }
  },
  "total_flos": 15070189397760.0,
  "train_batch_size": 1,
  "trial_name": null,
  "trial_params": null
}
